id,name,category,damage,penetration,hitscan,pellets,range,tracer_particles,legacy_hip_power,legacy_hip_uncertainty,legacy_hip_gravity,legacy_ads_power,legacy_ads_uncertainty,legacy_ads_gravity,status
akm,AKM,assault_rifle,9,0.65,True,1,128,5,19.1,7.7,0.01,19.1,1.4,0.01,hitscan
m4a1,M4A1,assault_rifle,8,0.65,True,1,128,5,18.1,5.2,0.1,16.1,0.5,0.1,hitscan
hk416,HK416,assault_rifle,5,0.6,True,1,128,5,16.1,6.7,0.03,14.1,1.3,0.02,hitscan
qbz95,QBZ95,assault_rifle,7,0.7,True,1,128,5,18.1,5.2,0.1,16.1,0.5,0.1,hitscan
qbz191,QBZ191,assault_rifle,7,0.7,True,1,128,5,18.1,6.2,0.1,16.1,0.2,0.1,hitscan
fal,FAL,assault_rifle,9,0.7,True,1,128,5,20.1,7.7,0.01,15.1,2.4,0.01,hitscan
scarl,SCAR-L,assault_rifle,7,0.65,True,1,128,5,20.1,6.9,0.01,18.1,0.2,0.01,hitscan
scarh,SCAR-H,assault_rifle,9,0.7,True,1,128,5,23.1,5.2,0.01,18.1,0.3,0.01,hitscan
g36,G36,assault_rifle,7,0.65,True,1,128,5,20.1,6.9,0.01,16.1,0.7,0.01,hitscan
m16,M16,assault_rifle,6,0.6,True,1,128,5,19.1,6.8,0.02,15.1,0.2,0.02,hitscan
m16a1,M16A1,assault_rifle,6,0.6,True,1,128,5,15.1,5.2,0.1,13.1,1.5,0.1,hitscan
g3,G3,assault_rifle,9,0.7,True,1,128,5,20.1,7.7,0.01,15.1,2.4,0.01,hitscan
type81,Type 81,assault_rifle,9,0.65,True,1,128,5,19.1,7.7,0.01,19.1,1.4,0.01,hitscan
g17,G17,pistol,6,0.5,True,1,128,5,9.1,3.2,0.1,8.1,1.2,0.1,hitscan
g18,G18,pistol,3,0.3,True,1,128,5,5.1,6.2,0.1,6.1,2.2,0.1,hitscan
b93,B93,pistol,4,0.4,True,1,128,5,9.1,6.2,0.1,8.1,3.2,0.1,hitscan
m1911,M1911,pistol,11,0.3,True,1,128,5,13.1,5.3,0.09,13.1,1.0,0.02,hitscan
p320,P320,pistol,10,0.3,True,1,128,5,13.1,4.3,0.09,13.1,1.0,0.02,hitscan
deagle,Desert Eagle,pistol,16,0.5,True,1,128,5,13.1,5.3,0.09,13.1,1.2,0.02,hitscan
deagleg,Desert Eagle Gold,pistol,12,0.7,True,1,128,5,13.1,3.4,0.09,13.1,0.2,0.02,hitscan
t50,T50,pistol,16,0.5,True,1,128,5,13.1,5.3,0.09,13.1,0.5,0.02,hitscan
cp,CP,pistol,12,0.7,True,1,128,5,13.1,6.4,0.09,13.1,0.2,0.02,hitscan
mp5,MP5,smg,6.5,0.45,True,1,128,5,12.1,3.2,0.1,10.1,0.2,0.1,hitscan
mp7,MP7,smg,4,0.7,True,1,128,5,13.1,3.2,0.1,10.1,0.2,0.1,hitscan
p90,P90,smg,4,0.7,True,1,128,5,16.1,4.2,0.2,11.1,1.2,0.2,hitscan
vector,Vector,smg,6,0.4,True,1,128,5,12.1,4.2,0.2,10.1,1.2,0.2,hitscan
ump,UMP,smg,6.7,0.4,True,1,128,5,10.1,4.2,0.1,10.1,0.8,0.1,hitscan
uzi,Uzi,smg,5,0.3,True,1,128,5,16.1,4.2,0.2,12.1,0.6,0.2,hitscan
sks,SKS,dmr,11,0.65,True,1,128,5,21.1,12.7,0.01,22.1,1.1,0.01,hitscan
mk14,MK14,dmr,13,0.7,True,1,128,5,21.1,12.7,0.01,22.1,0.3,0.01,hitscan
awp,AWP,sniper,42,0.9,True,1,128,5,70.1,8.7,0.01,80.1,0.1,0.01,hitscan
m249,M249,lmg,7,0.65,True,1,128,5,20.1,9.9,0.01,18.1,0.2,0.01,hitscan
evolys,Evolys,lmg,10,0.6,True,1,128,5,23.1,8.2,0.01,18.1,0.3,0.01,hitscan
minigun,Minigun,machine_gun,8,0.5,True,1,128,5,14.1,5.2,0.1,13.1,0.5,0.1,hitscan
aa12,AA-12,shotgun,2,0.1,False,12,128,,10.1,17.3,0.07,10,9.1,0.08,physical - pending shotgun migration
saiga12,Saiga-12,shotgun,2,0.3,False,12,128,,10.1,14.3,0.07,15,5.1,0.08,physical - pending shotgun migration
m870,M870,shotgun,3,0.5,False,12,128,,10.1,14.3,0.07,15,5.1,0.08,physical - pending shotgun migration
m1014,M1014,shotgun,3,0.4,False,12,128,,10.1,14.3,0.07,15,5.1,0.08,physical - pending shotgun migration
db,Double Barrel,shotgun,3,0.3,False,12,128,,10.1,14.3,0.07,9,5.1,0.08,physical - pending shotgun migration
rpg,RPG,launcher,100,1.0,False,1,128,,,,,,,,physical projectile
m107,M107,sniper,,,False,1,128,,,,,,,,incomplete legacy definition
